<?xml version="1.0" encoding="UTF-8"?>

<BugCollection version="3.1.6" sequence="0" timestamp="1557318686038" analysisTimestamp="1557562125156" release="">
  <Project>
    <Jar>C:\NetBeansProjects\jsp_webmail_team03\maven_webmail\target\classes\cse\maven_webmail\control\CommandType.class</Jar>
    <Jar>C:\NetBeansProjects\jsp_webmail_team03\maven_webmail\target\classes\cse\maven_webmail\control\LoginHandler.class</Jar>
    <Jar>C:\NetBeansProjects\jsp_webmail_team03\maven_webmail\target\classes\cse\maven_webmail\control\ReadMailHandler.class</Jar>
    <Jar>C:\NetBeansProjects\jsp_webmail_team03\maven_webmail\target\classes\cse\maven_webmail\control\UserAdminHandler.class</Jar>
    <Jar>C:\NetBeansProjects\jsp_webmail_team03\maven_webmail\target\classes\cse\maven_webmail\control\WriteMailHandler.class</Jar>
    <Jar>C:\NetBeansProjects\jsp_webmail_team03\maven_webmail\target\classes\cse\maven_webmail\model\FormParser.class</Jar>
    <Jar>C:\NetBeansProjects\jsp_webmail_team03\maven_webmail\target\classes\cse\maven_webmail\model\MessageFormatter.class</Jar>
    <Jar>C:\NetBeansProjects\jsp_webmail_team03\maven_webmail\target\classes\cse\maven_webmail\model\MessageParser.class</Jar>
    <Jar>C:\NetBeansProjects\jsp_webmail_team03\maven_webmail\target\classes\cse\maven_webmail\model\Pop3Agent.class</Jar>
    <Jar>C:\NetBeansProjects\jsp_webmail_team03\maven_webmail\target\classes\cse\maven_webmail\model\SmtpAgent.class</Jar>
    <Jar>C:\NetBeansProjects\jsp_webmail_team03\maven_webmail\target\classes\cse\maven_webmail\model\UserAdminAgent.class</Jar>
    <AuxClasspathEntry>C:\NetBeansProjects\jsp_webmail_team03\maven_webmail\target\classes</AuxClasspathEntry>
    <AuxClasspathEntry>C:\NetBeansProjects\jsp_webmail_team03\maven_webmail\.scannerwork\findbugs\annotations.jar</AuxClasspathEntry>
    <AuxClasspathEntry>C:\NetBeansProjects\jsp_webmail_team03\maven_webmail\.scannerwork\findbugs\jsr305.jar</AuxClasspathEntry>
    <WrkDir>C:\NetBeansProjects\jsp_webmail_team03\maven_webmail\.scannerwork</WrkDir>
  </Project>
  <Errors errors="0" missingClasses="27">
    <MissingClass>com.sun.mail.smtp.SMTPMessage</MissingClass>
    <MissingClass>javax.mail.Address</MissingClass>
    <MissingClass>javax.mail.FetchProfile</MissingClass>
    <MissingClass>javax.mail.FetchProfile$Item</MissingClass>
    <MissingClass>javax.mail.Flags$Flag</MissingClass>
    <MissingClass>javax.mail.Folder</MissingClass>
    <MissingClass>javax.mail.Message</MissingClass>
    <MissingClass>javax.mail.Message$RecipientType</MissingClass>
    <MissingClass>javax.mail.Multipart</MissingClass>
    <MissingClass>javax.mail.Part</MissingClass>
    <MissingClass>javax.mail.Session</MissingClass>
    <MissingClass>javax.mail.Store</MissingClass>
    <MissingClass>javax.mail.Transport</MissingClass>
    <MissingClass>javax.mail.internet.InternetAddress</MissingClass>
    <MissingClass>javax.mail.internet.MimeBodyPart</MissingClass>
    <MissingClass>javax.mail.internet.MimeMultipart</MissingClass>
    <MissingClass>javax.mail.internet.MimeUtility</MissingClass>
    <MissingClass>javax.servlet.RequestDispatcher</MissingClass>
    <MissingClass>javax.servlet.ServletContext</MissingClass>
    <MissingClass>javax.servlet.ServletOutputStream</MissingClass>
    <MissingClass>javax.servlet.http.HttpServlet</MissingClass>
    <MissingClass>javax.servlet.http.HttpServletRequest</MissingClass>
    <MissingClass>javax.servlet.http.HttpServletResponse</MissingClass>
    <MissingClass>javax.servlet.http.HttpSession</MissingClass>
    <MissingClass>org.apache.commons.fileupload.FileItem</MissingClass>
    <MissingClass>org.apache.commons.fileupload.disk.DiskFileItemFactory</MissingClass>
    <MissingClass>org.apache.commons.fileupload.servlet.ServletFileUpload</MissingClass>
  </Errors>
  <FindBugsSummary timestamp="Wed, 8 May 2019 21:31:26 +0900" total_classes="11" referenced_classes="43" total_bugs="0" total_size="889" num_packages="2" java_version="1.8.0_121" vm_version="25.121-b13" cpu_seconds="14.14" clock_seconds="5.24" peak_mbytes="435.24" alloc_mbytes="1801.00" gc_seconds="0.07">
    <FileStats path="cse/maven_webmail/control/CommandType.java" bugCount="0" size="14"/>
    <FileStats path="cse/maven_webmail/control/LoginHandler.java" bugCount="0" size="49"/>
    <FileStats path="cse/maven_webmail/control/ReadMailHandler.java" bugCount="0" size="68"/>
    <FileStats path="cse/maven_webmail/control/UserAdminHandler.java" bugCount="0" size="102"/>
    <FileStats path="cse/maven_webmail/control/WriteMailHandler.java" bugCount="0" size="68"/>
    <FileStats path="cse/maven_webmail/model/FormParser.java" bugCount="0" size="82"/>
    <FileStats path="cse/maven_webmail/model/MessageFormatter.java" bugCount="0" size="34"/>
    <FileStats path="cse/maven_webmail/model/MessageParser.java" bugCount="0" size="129"/>
    <FileStats path="cse/maven_webmail/model/Pop3Agent.java" bugCount="0" size="103"/>
    <FileStats path="cse/maven_webmail/model/SmtpAgent.java" bugCount="0" size="94"/>
    <FileStats path="cse/maven_webmail/model/UserAdminAgent.java" bugCount="0" size="146"/>
    <PackageStats package="cse.maven_webmail.control" total_bugs="0" total_types="5" total_size="301">
      <ClassStats class="cse.maven_webmail.control.CommandType" sourceFile="CommandType.java" interface="false" size="14" bugs="0"/>
      <ClassStats class="cse.maven_webmail.control.LoginHandler" sourceFile="LoginHandler.java" interface="false" size="49" bugs="0"/>
      <ClassStats class="cse.maven_webmail.control.ReadMailHandler" sourceFile="ReadMailHandler.java" interface="false" size="68" bugs="0"/>
      <ClassStats class="cse.maven_webmail.control.UserAdminHandler" sourceFile="UserAdminHandler.java" interface="false" size="102" bugs="0"/>
      <ClassStats class="cse.maven_webmail.control.WriteMailHandler" sourceFile="WriteMailHandler.java" interface="false" size="68" bugs="0"/>
    </PackageStats>
    <PackageStats package="cse.maven_webmail.model" total_bugs="0" total_types="6" total_size="588">
      <ClassStats class="cse.maven_webmail.model.FormParser" sourceFile="FormParser.java" interface="false" size="82" bugs="0"/>
      <ClassStats class="cse.maven_webmail.model.MessageFormatter" sourceFile="MessageFormatter.java" interface="false" size="34" bugs="0"/>
      <ClassStats class="cse.maven_webmail.model.MessageParser" sourceFile="MessageParser.java" interface="false" size="129" bugs="0"/>
      <ClassStats class="cse.maven_webmail.model.Pop3Agent" sourceFile="Pop3Agent.java" interface="false" size="103" bugs="0"/>
      <ClassStats class="cse.maven_webmail.model.SmtpAgent" sourceFile="SmtpAgent.java" interface="false" size="94" bugs="0"/>
      <ClassStats class="cse.maven_webmail.model.UserAdminAgent" sourceFile="UserAdminAgent.java" interface="false" size="146" bugs="0"/>
    </PackageStats>
    <FindBugsProfile>
      <ClassProfile name="edu.umd.cs.findbugs.classfile.engine.ClassDataAnalysisEngine" totalMilliseconds="360" invocations="536" avgMicrosecondsPerInvocation="672" maxMicrosecondsPerInvocation="4331" standardDeviationMicrosecondsPerInvocation="390"/>
      <ClassProfile name="edu.umd.cs.findbugs.classfile.engine.ClassInfoAnalysisEngine" totalMilliseconds="258" invocations="533" avgMicrosecondsPerInvocation="485" maxMicrosecondsPerInvocation="20899" standardDeviationMicrosecondsPerInvocation="1168"/>
      <ClassProfile name="com.h3xstream.findsecbugs.taintanalysis.TaintDataflowEngine" totalMilliseconds="135" invocations="104" avgMicrosecondsPerInvocation="1307" maxMicrosecondsPerInvocation="27945" standardDeviationMicrosecondsPerInvocation="3450"/>
      <ClassProfile name="edu.umd.cs.findbugs.ba.npe.NullDerefAndRedundantComparisonFinder" totalMilliseconds="131" invocations="104" avgMicrosecondsPerInvocation="1264" maxMicrosecondsPerInvocation="18224" standardDeviationMicrosecondsPerInvocation="3084"/>
      <ClassProfile name="edu.umd.cs.findbugs.classfile.engine.bcel.MethodGenFactory" totalMilliseconds="100" invocations="104" avgMicrosecondsPerInvocation="967" maxMicrosecondsPerInvocation="47769" standardDeviationMicrosecondsPerInvocation="5768"/>
      <ClassProfile name="edu.umd.cs.findbugs.classfile.engine.bcel.TypeDataflowFactory" totalMilliseconds="100" invocations="106" avgMicrosecondsPerInvocation="947" maxMicrosecondsPerInvocation="14988" standardDeviationMicrosecondsPerInvocation="2472"/>
      <ClassProfile name="edu.umd.cs.findbugs.detect.FieldItemSummary" totalMilliseconds="98" invocations="43" avgMicrosecondsPerInvocation="2297" maxMicrosecondsPerInvocation="12170" standardDeviationMicrosecondsPerInvocation="3022"/>
      <ClassProfile name="edu.umd.cs.findbugs.classfile.engine.bcel.IsNullValueDataflowFactory" totalMilliseconds="93" invocations="104" avgMicrosecondsPerInvocation="896" maxMicrosecondsPerInvocation="15481" standardDeviationMicrosecondsPerInvocation="2090"/>
      <ClassProfile name="edu.umd.cs.findbugs.classfile.engine.bcel.ValueNumberDataflowFactory" totalMilliseconds="90" invocations="107" avgMicrosecondsPerInvocation="846" maxMicrosecondsPerInvocation="16481" standardDeviationMicrosecondsPerInvocation="2064"/>
      <ClassProfile name="edu.umd.cs.findbugs.OpcodeStack$JumpInfoFactory" totalMilliseconds="74" invocations="268" avgMicrosecondsPerInvocation="277" maxMicrosecondsPerInvocation="5303" standardDeviationMicrosecondsPerInvocation="538"/>
      <ClassProfile name="edu.umd.cs.findbugs.detect.FindNoSideEffectMethods" totalMilliseconds="74" invocations="43" avgMicrosecondsPerInvocation="1728" maxMicrosecondsPerInvocation="8253" standardDeviationMicrosecondsPerInvocation="2035"/>
      <ClassProfile name="edu.umd.cs.findbugs.classfile.engine.bcel.UnconditionalValueDerefDataflowFactory" totalMilliseconds="67" invocations="104" avgMicrosecondsPerInvocation="650" maxMicrosecondsPerInvocation="11842" standardDeviationMicrosecondsPerInvocation="1522"/>
      <ClassProfile name="edu.umd.cs.findbugs.classfile.engine.bcel.CFGFactory" totalMilliseconds="66" invocations="104" avgMicrosecondsPerInvocation="638" maxMicrosecondsPerInvocation="16020" standardDeviationMicrosecondsPerInvocation="1724"/>
      <ClassProfile name="edu.umd.cs.findbugs.detect.FindOpenStream" totalMilliseconds="56" invocations="11" avgMicrosecondsPerInvocation="5139" maxMicrosecondsPerInvocation="13691" standardDeviationMicrosecondsPerInvocation="3681"/>
      <ClassProfile name="edu.umd.cs.findbugs.ba.obl.ObligationAnalysis" totalMilliseconds="53" invocations="35" avgMicrosecondsPerInvocation="1520" maxMicrosecondsPerInvocation="36899" standardDeviationMicrosecondsPerInvocation="6106"/>
      <ClassProfile name="edu.umd.cs.findbugs.detect.NoteDirectlyRelevantTypeQualifiers" totalMilliseconds="49" invocations="43" avgMicrosecondsPerInvocation="1148" maxMicrosecondsPerInvocation="23761" standardDeviationMicrosecondsPerInvocation="3576"/>
      <ClassProfile name="edu.umd.cs.findbugs.classfile.engine.bcel.JavaClassAnalysisEngine" totalMilliseconds="46" invocations="115" avgMicrosecondsPerInvocation="408" maxMicrosecondsPerInvocation="20876" standardDeviationMicrosecondsPerInvocation="2021"/>
      <ClassProfile name="edu.umd.cs.findbugs.detect.FindRefComparison$SpecialTypeAnalysis" totalMilliseconds="46" invocations="54" avgMicrosecondsPerInvocation="856" maxMicrosecondsPerInvocation="6710" standardDeviationMicrosecondsPerInvocation="1174"/>
      <ClassProfile name="edu.umd.cs.findbugs.util.TopologicalSort" totalMilliseconds="44" invocations="465" avgMicrosecondsPerInvocation="95" maxMicrosecondsPerInvocation="1688" standardDeviationMicrosecondsPerInvocation="170"/>
      <ClassProfile name="edu.umd.cs.findbugs.detect.StreamResourceTracker" totalMilliseconds="37" invocations="62" avgMicrosecondsPerInvocation="611" maxMicrosecondsPerInvocation="4149" standardDeviationMicrosecondsPerInvocation="649"/>
      <ClassProfile name="com.h3xstream.findsecbugs.scala.ScalaSensitiveDataExposureDetector" totalMilliseconds="32" invocations="11" avgMicrosecondsPerInvocation="2920" maxMicrosecondsPerInvocation="23433" standardDeviationMicrosecondsPerInvocation="6494"/>
      <ClassProfile name="edu.umd.cs.findbugs.detect.FindNullDeref$CheckCallSitesAndReturnInstructions" totalMilliseconds="31" invocations="104" avgMicrosecondsPerInvocation="305" maxMicrosecondsPerInvocation="19098" standardDeviationMicrosecondsPerInvocation="1872"/>
      <ClassProfile name="com.h3xstream.findsecbugs.file.PathTraversalDetector" totalMilliseconds="27" invocations="11" avgMicrosecondsPerInvocation="2492" maxMicrosecondsPerInvocation="10674" standardDeviationMicrosecondsPerInvocation="2691"/>
      <ClassProfile name="edu.umd.cs.findbugs.detect.OverridingEqualsNotSymmetrical" totalMilliseconds="24" invocations="43" avgMicrosecondsPerInvocation="565" maxMicrosecondsPerInvocation="11868" standardDeviationMicrosecondsPerInvocation="1813"/>
      <ClassProfile name="edu.umd.cs.findbugs.detect.FunctionsThatMightBeMistakenForProcedures" totalMilliseconds="23" invocations="43" avgMicrosecondsPerInvocation="542" maxMicrosecondsPerInvocation="7215" standardDeviationMicrosecondsPerInvocation="1206"/>
      <ClassProfile name="edu.umd.cs.findbugs.ba.npe.TypeQualifierNullnessAnnotationDatabase" totalMilliseconds="23" invocations="2366" avgMicrosecondsPerInvocation="9" maxMicrosecondsPerInvocation="5756" standardDeviationMicrosecondsPerInvocation="133"/>
      <ClassProfile name="edu.umd.cs.findbugs.detect.CalledMethods" totalMilliseconds="22" invocations="43" avgMicrosecondsPerInvocation="513" maxMicrosecondsPerInvocation="3088" standardDeviationMicrosecondsPerInvocation="564"/>
      <ClassProfile name="edu.umd.cs.findbugs.detect.BuildStringPassthruGraph" totalMilliseconds="21" invocations="43" avgMicrosecondsPerInvocation="503" maxMicrosecondsPerInvocation="5872" standardDeviationMicrosecondsPerInvocation="954"/>
      <ClassProfile name="edu.umd.cs.findbugs.detect.EqualsOperandShouldHaveClassCompatibleWithThis" totalMilliseconds="20" invocations="43" avgMicrosecondsPerInvocation="465" maxMicrosecondsPerInvocation="12090" standardDeviationMicrosecondsPerInvocation="1814"/>
      <ClassProfile name="edu.umd.cs.findbugs.classfile.engine.bcel.ConstantDataflowFactory" totalMilliseconds="19" invocations="104" avgMicrosecondsPerInvocation="189" maxMicrosecondsPerInvocation="2375" standardDeviationMicrosecondsPerInvocation="385"/>
      <ClassProfile name="edu.umd.cs.findbugs.detect.FindDeadLocalStores" totalMilliseconds="18" invocations="11" avgMicrosecondsPerInvocation="1697" maxMicrosecondsPerInvocation="6969" standardDeviationMicrosecondsPerInvocation="1818"/>
      <ClassProfile name="edu.umd.cs.findbugs.detect.BuildObligationPolicyDatabase" totalMilliseconds="18" invocations="43" avgMicrosecondsPerInvocation="427" maxMicrosecondsPerInvocation="2622" standardDeviationMicrosecondsPerInvocation="537"/>
      <ClassProfile name="com.h3xstream.findsecbugs.scala.XssTwirlDetector" totalMilliseconds="17" invocations="11" avgMicrosecondsPerInvocation="1626" maxMicrosecondsPerInvocation="9788" standardDeviationMicrosecondsPerInvocation="2606"/>
      <ClassProfile name="edu.umd.cs.findbugs.detect.FindInconsistentSync2" totalMilliseconds="17" invocations="11" avgMicrosecondsPerInvocation="1551" maxMicrosecondsPerInvocation="6394" standardDeviationMicrosecondsPerInvocation="1694"/>
      <ClassProfile name="edu.umd.cs.findbugs.detect.LoadOfKnownNullValue" totalMilliseconds="16" invocations="11" avgMicrosecondsPerInvocation="1529" maxMicrosecondsPerInvocation="4188" standardDeviationMicrosecondsPerInvocation="1104"/>
      <ClassProfile name="edu.umd.cs.findbugs.detect.DefaultEncodingDetector" totalMilliseconds="16" invocations="11" avgMicrosecondsPerInvocation="1463" maxMicrosecondsPerInvocation="4231" standardDeviationMicrosecondsPerInvocation="1086"/>
      <ClassProfile name="com.h3xstream.findsecbugs.injection.redirect.UnvalidatedRedirectDetector" totalMilliseconds="15" invocations="11" avgMicrosecondsPerInvocation="1448" maxMicrosecondsPerInvocation="3645" standardDeviationMicrosecondsPerInvocation="820"/>
      <ClassProfile name="edu.umd.cs.findbugs.detect.CheckRelaxingNullnessAnnotation" totalMilliseconds="15" invocations="11" avgMicrosecondsPerInvocation="1445" maxMicrosecondsPerInvocation="9251" standardDeviationMicrosecondsPerInvocation="2605"/>
      <ClassProfile name="edu.umd.cs.findbugs.detect.UnreadFields" totalMilliseconds="15" invocations="11" avgMicrosecondsPerInvocation="1429" maxMicrosecondsPerInvocation="4629" standardDeviationMicrosecondsPerInvocation="1151"/>
      <ClassProfile name="edu.umd.cs.findbugs.detect.FindUselessObjects" totalMilliseconds="15" invocations="11" avgMicrosecondsPerInvocation="1414" maxMicrosecondsPerInvocation="4708" standardDeviationMicrosecondsPerInvocation="1137"/>
      <ClassProfile name="com.h3xstream.findsecbugs.xpath.XPathInjectionDetector" totalMilliseconds="14" invocations="11" avgMicrosecondsPerInvocation="1334" maxMicrosecondsPerInvocation="3835" standardDeviationMicrosecondsPerInvocation="933"/>
      <ClassProfile name="edu.umd.cs.findbugs.classfile.engine.bcel.LiveLocalStoreDataflowFactory" totalMilliseconds="14" invocations="104" avgMicrosecondsPerInvocation="137" maxMicrosecondsPerInvocation="2205" standardDeviationMicrosecondsPerInvocation="301"/>
      <ClassProfile name="com.h3xstream.findsecbugs.injection.custom.CustomInjectionDetector" totalMilliseconds="13" invocations="11" avgMicrosecondsPerInvocation="1210" maxMicrosecondsPerInvocation="2714" standardDeviationMicrosecondsPerInvocation="669"/>
      <ClassProfile name="com.h3xstream.findsecbugs.injection.script.OgnlInjectionDetector" totalMilliseconds="13" invocations="11" avgMicrosecondsPerInvocation="1201" maxMicrosecondsPerInvocation="3722" standardDeviationMicrosecondsPerInvocation="896"/>
      <ClassProfile name="edu.umd.cs.findbugs.detect.DumbMethods" totalMilliseconds="13" invocations="11" avgMicrosecondsPerInvocation="1197" maxMicrosecondsPerInvocation="2384" standardDeviationMicrosecondsPerInvocation="652"/>
      <ClassProfile name="com.h3xstream.findsecbugs.injection.script.ScriptInjectionDetector" totalMilliseconds="12" invocations="11" avgMicrosecondsPerInvocation="1159" maxMicrosecondsPerInvocation="2344" standardDeviationMicrosecondsPerInvocation="604"/>
    </FindBugsProfile>
  </FindBugsSummary>
  <ClassFeatures></ClassFeatures>
  <History></History>
</BugCollection>
